<mvc:View
	controllerName="sap.ui.integration.sample.CardsLayout.CardsLayout"
	xmlns="sap.m"
	xmlns:mvc="sap.ui.core.mvc"
	xmlns:f="sap.f"
	xmlns:w="sap.ui.integration.widgets"
	xmlns:cssgrid="sap.ui.layout.cssgrid">
	<f:ShellBar
		title="Drone Hive"
		secondTitle="{/date}"
		homeIcon="{/homeIconUrl}"
		showCopilot="true"
		showSearch="true"
		showNotifications="true"
		showProductSwitcher="true"
		notificationsNumber="2"
		class="sapUiSmallMarginTop sapUiSmallMarginBegin">
		<f:menu>
			<Menu>
				<MenuItem text="Drone Hive" icon="{/homeIconUrl}" />
			</Menu>
		</f:menu>
		<f:profile>
			<f:Avatar initials="UI" />
		</f:profile>
	</f:ShellBar>
	<IconTabBar
		id="idIconTabBar"
		select="handleIconTabBarSelect"
		headerBackgroundDesign="Transparent"
		class="sapUiResponsiveContentPadding sapUiSmallMarginBegin">
		<items>
			<IconTabFilter text="Home">
				<f:GridContainer>
					<f:layout>
						<f:GridContainerSettings rowSize="5rem" columnSize="5rem" gap="1rem" />
					</f:layout>
					<f:layoutS>
						<f:GridContainerSettings rowSize="5rem" columnSize="5rem" gap="0.5rem" />
					</f:layoutS>
					<w:Card manifest="{manifests>/timeline}" action="onAction">
						<w:layoutData>
							<f:GridContainerItemLayoutData minRows="4" columns="4" />
						</w:layoutData>
					</w:Card>
					<w:Card manifest="{manifests>/object}" action="onAction">
						<w:layoutData>
							<f:GridContainerItemLayoutData minRows="4" columns="3" />
						</w:layoutData>
					</w:Card>
					<w:Card manifest="{path: 'manifests>/component', formatter: '.resolveCardUrl'}" action="onAction">
						<w:layoutData>
							<f:GridContainerItemLayoutData  minRows="5" columns="6" />
						</w:layoutData>
					</w:Card>
					<w:Card manifest="{manifests>/calendar}" action="onAction">
						<w:layoutData>
							<f:GridContainerItemLayoutData minRows="4" columns="4" />
						</w:layoutData>
					</w:Card>
				</f:GridContainer>
				<Title
					text="Incidents"
					titleStyle="H2"
					class="sapUiSmallMarginBottom sapUiSmallMarginTop sapUiSmallMarginBegin" />
				<f:GridContainer>
					<f:layout>
						<f:GridContainerSettings rowSize="5rem" columnSize="5rem" gap="1rem" />
					</f:layout>
					<f:layoutS>
						<f:GridContainerSettings rowSize="5rem" columnSize="5rem" gap="0.5rem" />
					</f:layoutS>
					<w:Card manifest="{manifests>/stackedColumn}">
						<w:layoutData>
							<f:GridContainerItemLayoutData rows="5" columns="4" />
						</w:layoutData>
					</w:Card>
					<w:Card manifest="{manifests>/donut}">
						<w:layoutData>
							<f:GridContainerItemLayoutData rows="4" columns="4" />
						</w:layoutData>
					</w:Card>
					<w:Card manifest="{manifests>/list1}" baseUrl="./">
						<w:layoutData>
							<f:GridContainerItemLayoutData columns="4" />
						</w:layoutData>
					</w:Card>
					<w:Card manifest="{manifests>/list2}"  baseUrl="./" action="onAction">
						<w:layoutData>
							<f:GridContainerItemLayoutData columns="4" />
						</w:layoutData>
					</w:Card>
				</f:GridContainer>
			</IconTabFilter>
			<IconTabFilter text="Team Distribution" />
			<IconTabFilter text="Drone Maintenance" />
			<IconTabFilter text="Drone Development" />
		</items>
	</IconTabBar>
</mvc:View>
